{"cameraMode":{"drawMode":0,"name":"Shaded","section":"Shading Mode"},"sceneLighting":false,"audioPlay":false,"sceneViewState":{"m_AlwaysRefresh":false,"showFog":true,"showSkybox":false,"showFlares":true,"showImageEffects":true,"showParticleSystems":true,"showVisualEffectGraphs":true,"m_FxEnabled":true},"in2DMode":false,"pivot":{"x":0.7416303753852844,"y":0.09915982186794281,"z":-0.7066998481750488},"rotation":{"x":-0.19776789844036103,"y":-0.4737359881401062,"z":0.11006961017847061,"w":-0.8511036038398743},"size":0.8660253882408142,"orthographic":false}